Date,Apple Inc. (AAPL),Microsoft Corp. (MSFT),Amazon.com Inc. (AMZN),Facebook Inc. Cl A (FB),Alphabet Inc. Cl A (GOOGL),Alphabet Inc. Cl C (GOOG),Tesla Inc. (TSLA),Berkshire Hathaway Inc. Cl B (BRK.B),NVIDIA Corp. (NVDA),JPMorgan Chase & Co. (JPM),Johnson & Johnson (JNJ),Visa Inc. Cl A (V),UnitedHealth Group Inc. (UNH),PayPal Holdings Inc. (PYPL),Home Depot Inc. (HD),Procter & Gamble Co. (PG),Mastercard Inc. (MA),Walt Disney Co. (DIS),Bank of America Corp. (BAC),Adobe Inc. (ADBE),Exxon Mobil Corp. (XOM),Comcast Corp. Cl A (CMCSA),Netflix Inc. (NFLX),Verizon Communications Inc. (VZ),Intel Corp. (INTC)
08/27/2021,148.60,299.72,3349.63,372.63,2880.08,2891.01,711.92,286.60,226.36,163.05,172.93,232.69,418.76,278.33,323.38,142.31,355.73,180.14,42.49,658.52,55.77,59.40,558.92,54.77,53.89
08/26/2021,147.54,299.09,3316.00,364.38,2828.81,2842.46,701.16,285.27,220.68,161.75,173.30,230.52,416.85,273.62,321.48,142.42,352.86,176.56,42.04,652.39,54.71,59.00,550.12,54.60,53.13
08/25/2021,148.36,302.01,3299.18,368.39,2841.58,2859.00,711.20,287.30,222.13,160.92,174.23,232.59,419.74,277.69,323.88,142.67,359.10,178.31,42.15,656.80,55.46,59.48,547.58,54.93,53.81
08/24/2021,149.62,302.62,3305.78,365.51,2825.23,2847.97,708.49,286.02,217.93,157.67,175.39,234.24,423.41,279.51,324.90,143.18,361.78,178.47,41.48,657.24,55.36,59.53,553.41,55.01,53.81
08/23/2021,149.71,304.65,3265.87,363.35,2800.83,2821.99,706.30,285.62,219.58,156.70,177.61,234.14,425.36,276.98,327.74,144.35,361.01,177.66,40.91,656.86,54.91,59.80,553.33,55.42,53.23
08/20/2021,148.19,304.36,3199.95,359.37,2748.59,2768.74,680.26,285.27,208.16,154.72,179.44,231.36,429.71,272.96,329.24,145.09,354.99,175.12,40.37,647.34,52.74,59.41,546.88,55.52,52.01
08/19/2021,146.70,296.77,3187.75,355.12,2713.60,2738.27,673.47,285.13,197.98,154.28,178.57,231.57,427.89,270.58,322.90,144.99,357.31,173.25,40.19,637.66,52.73,58.96,543.71,55.37,52.44
08/18/2021,146.36,290.73,3201.22,355.45,2708.98,2731.40,688.99,286.36,190.40,155.58,177.19,231.63,417.32,268.84,321.55,143.30,360.95,174.74,40.79,626.77,54.39,59.03,521.87,55.47,52.19
08/17/2021,150.19,293.08,3241.96,358.45,2733.23,2746.01,665.71,289.10,194.58,157.01,179.47,234.53,421.78,271.10,320.75,144.88,363.23,175.83,41.09,635.01,55.56,59.47,518.91,56.18,52.69
08/16/2021,151.12,294.60,3298.99,366.56,2766.19,2778.32,686.17,289.45,199.50,158.93,177.84,235.36,417.21,278.28,335.05,144.64,363.56,179.09,41.29,636.94,55.94,59.25,517.92,55.98,53.47
08/13/2021,149.10,292.85,3293.97,363.18,2754.55,2768.12,717.17,287.89,201.88,159.98,176.25,232.65,409.67,274.91,331.32,143.64,362.75,181.08,41.63,637.31,56.77,59.32,515.92,55.87,53.49
08/12/2021,148.89,289.81,3303.50,362.65,2743.88,2767.79,722.25,290.24,199.05,161.79,175.20,231.79,405.96,274.59,334.02,142.95,361.98,179.29,42.15,634.35,57.35,59.03,510.72,55.64,53.54
08/11/2021,145.86,286.95,3292.11,359.96,2725.58,2753.79,707.82,291.28,196.99,161.16,173.80,235.06,407.74,276.41,337.00,142.62,364.24,178.09,41.95,626.03,58.35,59.09,512.40,55.57,54.14
08/10/2021,145.60,286.44,3320.68,361.13,2736.14,2761.93,709.99,288.94,199.36,159.26,173.77,238.07,411.78,274.37,331.48,142.27,367.84,177.07,41.43,621.74,58.18,58.45,515.84,55.48,53.94
08/09/2021,146.09,288.33,3341.87,361.61,2738.26,2760.04,713.76,287.23,202.95,157.33,173.71,240.00,410.87,278.15,328.76,142.18,370.68,176.72,40.67,629.22,57.20,58.28,519.97,55.12,54.05
08/06/2021,146.14,289.46,3344.94,363.51,2714.77,2740.72,699.10,285.63,203.66,157.50,173.11,241.40,415.12,279.54,329.84,141.41,374.53,177.13,40.15,631.38,57.86,58.69,520.55,55.22,53.92
08/05/2021,147.06,289.52,3375.99,362.97,2725.03,2738.80,714.63,280.21,206.37,153.15,173.69,240.21,411.19,280.67,333.11,142.50,371.94,176.71,39.02,632.08,57.20,58.34,524.89,55.30,53.89
08/04/2021,146.95,286.51,3354.72,358.92,2702.51,2720.57,710.92,278.78,202.74,151.24,173.36,236.67,421.54,275.50,330.31,142.43,368.01,172.58,38.27,625.68,56.84,57.97,517.35,55.37,53.90
08/03/2021,147.36,287.12,3366.24,351.24,2712.60,2725.60,709.74,281.80,198.15,152.89,174.39,237.09,421.90,273.50,331.94,143.95,367.60,172.99,38.55,621.28,58.20,58.23,510.82,55.73,54.06
08/02/2021,145.52,284.82,3331.48,351.95,2697.09,2719.79,709.67,278.14,197.50,151.17,172.27,239.78,415.57,270.99,327.22,141.88,375.26,175.55,37.96,618.75,57.58,58.47,515.15,55.76,53.68
07/30/2021,145.86,284.91,3327.59,356.30,2694.53,2704.42,687.20,278.29,194.99,151.78,172.20,246.39,412.22,275.53,328.19,142.23,385.94,176.02,38.36,621.63,57.57,58.83,517.57,55.78,53.72
07/29/2021,145.64,286.50,3599.92,358.32,2715.55,2730.81,677.35,279.76,196.62,153.00,172.18,247.92,412.08,283.17,327.43,139.48,388.81,178.35,38.68,621.70,58.93,58.11,514.25,55.98,53.70
07/28/2021,144.98,286.22,3630.32,373.28,2721.88,2727.63,646.98,278.10,195.03,151.70,172.18,246.94,409.17,301.98,325.52,138.76,383.44,179.10,38.13,620.92,58.22,57.98,519.30,55.72,53.07
07/27/2021,146.77,286.54,3626.39,367.81,2638.00,2735.93,644.78,280.78,192.08,151.45,172.66,250.93,415.10,300.48,327.26,140.85,390.27,179.50,37.98,618.28,57.83,58.56,518.91,56.20,53.18
07/26/2021,148.99,289.05,3699.82,372.46,2680.70,2792.89,657.62,278.80,192.94,151.65,171.87,250.25,413.54,306.80,331.18,140.28,392.80,178.74,38.13,620.80,58.48,58.70,516.49,55.78,54.31
07/23/2021,148.56,289.67,3656.64,369.79,2660.30,2756.32,643.38,278.49,195.58,150.64,171.79,249.02,417.70,308.53,332.84,139.79,393.26,176.14,37.70,625.87,57.04,58.36,515.41,55.88,53.00
07/22/2021,146.80,286.14,3638.03,351.19,2568.43,2666.57,649.26,277.70,195.94,150.93,169.98,244.14,415.77,303.69,326.66,137.80,382.16,175.13,37.96,623.68,57.11,57.79,511.77,55.95,55.96
07/21/2021,145.40,281.40,3585.20,346.23,2550.98,2652.01,655.29,279.88,194.10,152.86,169.49,243.66,414.64,301.77,326.36,139.20,380.06,176.89,38.46,612.26,57.76,57.81,513.63,55.95,56.23
07/20/2021,146.15,279.32,3573.19,341.66,2524.19,2622.03,660.50,276.89,186.12,149.71,168.45,242.70,412.97,298.07,325.35,139.69,374.39,176.75,37.69,608.72,55.96,57.08,531.05,55.58,55.24
07/19/2021,142.45,277.01,3549.59,336.95,2491.56,2585.08,646.22,272.66,187.80,146.97,166.88,240.41,409.06,294.85,318.87,140.44,365.45,172.95,36.93,602.05,55.35,56.63,532.28,55.84,54.64
07/16/2021,146.39,280.75,3573.63,341.16,2539.40,2636.91,644.22,277.90,181.61,151.91,168.10,248.12,419.70,294.63,321.54,140.51,387.12,179.31,37.92,606.10,57.32,57.55,530.31,56.46,54.97
07/15/2021,148.48,281.03,3631.20,344.46,2540.10,2625.33,650.60,279.72,189.66,155.46,168.37,248.55,420.05,296.51,322.71,139.16,390.23,184.15,38.83,606.17,58.95,57.95,542.95,56.55,55.81
07/14/2021,149.15,282.51,3681.68,347.63,2564.74,2641.65,653.38,278.31,198.42,155.12,170.42,245.99,414.74,300.75,319.22,137.98,390.80,183.42,38.86,608.83,59.53,57.77,547.95,56.32,56.52
07/13/2021,145.64,280.98,3677.36,352.09,2546.83,2619.89,668.54,279.21,202.50,155.65,169.27,242.35,418.54,301.19,317.05,136.97,383.71,183.65,39.86,605.01,60.88,57.82,540.68,56.09,56.87
07/12/2021,144.50,277.32,3718.55,353.16,2539.51,2611.28,685.70,280.11,205.13,158.00,169.48,237.87,416.04,302.97,321.74,137.14,375.56,184.38,40.63,600.20,61.17,58.26,537.31,56.15,56.73
07/09/2021,145.11,277.94,3719.34,350.42,2510.37,2591.49,656.95,280.49,200.50,155.77,169.75,238.47,412.11,300.21,322.09,137.03,372.94,177.04,40.04,604.50,61.23,58.03,535.98,56.07,55.99
07/08/2021,143.24,277.42,3731.41,345.65,2500.88,2583.54,652.81,274.10,199.03,150.94,169.08,236.61,409.95,295.05,318.54,136.98,370.19,172.80,38.78,605.95,60.14,58.23,530.76,55.68,55.39
07/07/2021,144.57,279.93,3696.58,350.49,2529.48,2601.55,644.65,279.24,203.72,153.59,169.41,240.00,411.66,297.13,323.48,137.00,373.92,172.82,39.75,605.77,60.41,58.17,535.96,56.53,55.96
07/06/2021,142.02,277.66,3675.74,352.78,2523.80,2595.42,659.58,277.32,206.99,153.41,167.97,239.60,410.26,292.64,319.26,135.98,376.12,173.69,40.07,596.90,61.37,57.66,541.64,56.41,56.09
07/02/2021,139.96,277.65,3510.98,354.70,2505.15,2574.38,678.90,279.12,204.87,156.03,168.98,238.63,409.36,290.24,322.70,135.90,375.03,177.11,41.15,593.07,63.17,58.42,533.98,56.44,56.76
07/01/2021,137.27,271.60,3432.97,354.39,2448.89,2527.37,677.92,280.17,202.12,157.08,165.96,235.15,404.89,289.00,321.54,135.24,370.71,177.26,41.54,584.73,63.26,57.75,533.54,56.29,56.01
06/30/2021,136.96,270.90,3440.16,347.71,2441.79,2506.32,679.70,277.92,200.03,155.54,164.74,233.82,400.44,291.48,318.89,134.93,365.09,175.77,41.23,585.64,63.08,57.02,528.21,56.03,56.14
06/29/2021,136.33,271.40,3448.14,351.89,2445.45,2520.37,680.76,276.21,200.27,154.14,164.03,235.95,398.10,292.76,318.24,134.40,368.00,173.93,40.89,590.75,62.62,56.54,533.50,55.84,56.75
06/28/2021,134.78,268.72,3443.89,355.64,2450.72,2536.39,688.72,276.61,199.85,154.33,164.02,234.09,401.46,293.65,314.28,135.32,367.68,176.57,41.56,588.80,63.01,56.10,533.03,56.18,57.48
06/25/2021,133.11,265.02,3401.46,341.37,2450.17,2539.90,671.87,278.38,190.31,154.05,164.21,237.32,404.95,289.60,313.63,134.92,379.61,178.35,41.62,579.66,64.66,56.42,527.07,56.38,55.91
06/24/2021,133.41,266.69,3449.08,343.18,2450.00,2545.64,679.82,275.49,192.06,152.51,163.37,236.24,398.87,293.21,311.84,133.02,374.75,177.93,40.83,578.26,64.52,56.06,518.06,56.37,56.07
06/23/2021,133.70,265.28,3503.82,340.59,2442.54,2529.23,656.57,274.66,190.57,151.12,162.63,234.68,395.56,288.12,311.67,132.93,375.14,175.33,40.20,574.23,64.26,55.48,512.74,56.07,55.26
06/22/2021,133.98,265.51,3505.44,339.03,2446.61,2539.99,623.71,276.92,188.87,150.21,163.62,235.93,398.69,286.75,312.71,133.12,378.04,173.50,39.97,575.74,63.79,57.63,508.82,56.37,55.87
06/21/2021,132.30,262.63,3453.96,332.29,2436.25,2529.10,620.83,277.10,184.27,150.43,163.84,234.32,398.07,283.10,307.60,133.07,373.09,173.97,39.75,567.35,62.59,57.28,497.00,56.39,55.87
06/18/2021,130.46,259.43,3486.90,329.66,2402.22,2511.35,623.31,274.04,186.39,147.92,161.98,230.41,389.37,283.38,302.61,132.03,367.42,172.42,38.78,565.59,60.40,56.71,500.77,55.82,55.67
06/17/2021,131.79,260.90,3489.24,336.51,2434.87,2527.42,616.60,278.69,186.57,151.76,165.22,232.15,397.35,278.11,303.12,133.99,367.29,174.65,39.80,551.36,61.99,57.52,498.34,56.53,57.18
06/16/2021,130.15,257.38,3415.25,331.08,2415.45,2513.93,604.87,283.11,178.10,156.27,164.43,229.60,397.25,268.82,302.78,132.78,363.82,174.66,41.62,543.33,64.10,57.12,492.41,56.64,57.22
06/15/2021,129.64,258.36,3383.13,336.75,2428.39,2520.66,599.36,283.94,177.89,155.18,164.49,232.98,400.28,271.89,306.45,134.65,368.12,175.86,41.39,548.46,64.33,57.32,491.90,57.29,57.99
06/14/2021,130.48,259.89,3383.87,336.77,2448.91,2527.04,617.69,283.53,180.19,157.57,165.37,234.08,399.16,274.93,309.32,134.91,366.52,178.18,41.36,556.95,62.07,57.28,499.89,57.18,58.19
06/11/2021,127.35,257.89,3346.83,331.26,2430.20,2513.93,609.89,286.82,178.25,160.29,164.96,234.96,397.89,271.45,310.77,134.86,365.50,177.38,41.86,541.26,62.17,56.88,488.77,57.33,57.85
06/10/2021,126.11,257.24,3349.65,332.46,2435.13,2521.60,610.12,284.91,174.25,160.40,167.08,233.95,401.49,269.47,308.31,135.79,364.30,176.57,41.69,535.52,62.75,56.60,487.27,57.34,57.38
06/09/2021,127.13,253.59,3281.15,330.25,2407.94,2491.40,598.78,288.58,173.58,162.94,165.59,232.31,401.10,263.60,307.34,134.79,363.33,176.04,42.32,514.68,62.65,56.26,485.81,57.05,57.00
06/08/2021,126.74,252.57,3264.11,333.68,2398.44,2482.85,603.59,289.19,174.57,165.00,163.39,232.05,401.74,263.15,310.90,134.84,365.26,176.33,42.88,509.20,62.13,56.43,492.39,57.15,57.00
06/07/2021,125.90,253.81,3198.01,336.58,2402.30,2466.09,605.13,289.46,176.19,165.66,164.84,231.32,400.25,260.60,309.96,136.42,364.08,176.99,43.12,509.47,61.05,56.92,494.66,57.20,57.09
06/04/2021,125.89,250.79,3206.22,330.35,2393.57,2451.76,599.05,292.52,175.78,166.44,165.97,230.14,405.64,263.04,311.01,135.95,366.02,177.18,43.27,504.50,61.45,57.00,494.74,57.30,57.37
06/03/2021,123.54,245.71,3187.01,326.04,2347.58,2404.61,572.84,291.97,169.70,166.17,166.04,228.11,407.96,257.79,311.43,135.85,361.82,176.24,43.25,493.14,61.18,56.39,489.43,56.98,56.24
06/02/2021,125.06,247.30,3233.99,329.15,2370.59,2421.28,605.12,290.02,167.78,166.06,166.20,229.66,405.85,262.17,313.23,133.46,366.85,177.00,42.94,495.77,60.94,56.69,499.24,56.65,57.48
06/01/2021,124.28,247.40,3218.65,329.13,2381.18,2429.81,623.90,289.84,162.65,166.05,165.53,226.63,406.72,259.27,316.31,132.88,359.79,178.84,42.92,495.91,60.46,56.95,499.08,56.38,56.89
05/28/2021,124.61,249.68,3223.07,328.73,2356.85,2411.56,625.22,289.44,162.45,164.24,169.25,227.30,411.92,260.02,318.91,134.85,360.58,178.65,42.39,504.58,58.37,57.34,502.81,56.49,57.12
05/27/2021,125.28,249.31,3230.11,332.75,2362.68,2402.51,630.85,289.30,154.88,164.35,168.81,226.86,412.70,259.47,318.77,134.98,362.00,179.04,42.55,498.28,58.56,57.34,503.86,56.29,57.73
05/26/2021,126.85,251.49,3265.16,327.66,2380.31,2433.53,619.13,287.33,157.00,161.83,169.07,227.07,413.21,261.37,317.33,138.12,362.65,176.47,42.04,506.98,58.94,56.85,502.36,56.36,56.92
05/25/2021,126.90,251.72,3259.05,327.79,2362.87,2409.07,604.69,287.20,156.48,161.85,170.08,229.02,413.05,258.65,316.75,138.43,367.22,176.17,42.01,505.08,58.26,55.70,501.34,56.48,56.87
05/24/2021,127.10,250.78,3244.99,324.63,2361.04,2406.67,606.44,289.73,156.12,163.54,170.55,229.32,410.95,257.17,314.84,137.96,372.38,174.31,42.63,497.83,59.61,55.66,502.90,56.98,56.96
05/21/2021,125.43,245.17,3203.08,316.23,2294.13,2345.10,580.88,287.74,149.92,162.66,170.96,226.77,411.63,250.69,315.77,138.00,367.60,172.40,42.40,488.07,58.92,55.08,497.89,56.91,56.08
05/20/2021,127.31,246.48,3247.68,318.61,2306.95,2356.09,586.78,286.73,146.13,160.83,171.07,226.44,408.64,251.54,315.90,138.00,367.70,171.36,41.87,491.67,58.84,55.04,501.67,56.79,55.95
05/19/2021,124.69,243.12,3231.80,313.59,2271.50,2308.71,563.46,286.22,140.66,161.11,170.08,224.59,409.50,244.63,314.45,136.60,360.98,169.27,41.97,480.47,58.98,54.24,487.70,56.92,55.36
05/18/2021,124.85,243.08,3232.28,309.96,2262.47,2303.43,577.87,287.59,140.16,162.35,170.45,225.57,410.38,243.21,316.75,136.32,363.07,169.68,42.16,480.62,60.43,54.95,486.28,57.18,54.84
05/17/2021,126.27,245.18,3270.39,315.46,2288.92,2321.41,576.83,289.22,141.66,164.67,170.39,226.44,408.63,244.36,320.01,137.73,363.30,170.08,42.74,482.74,62.19,55.46,488.94,57.94,55.33
05/14/2021,127.45,248.15,3222.90,315.94,2278.38,2316.16,589.74,290.68,142.43,164.01,170.22,226.94,409.80,246.29,323.63,138.01,363.91,173.70,42.36,486.56,60.77,58.68,493.37,58.69,55.35
05/13/2021,124.97,243.03,3161.47,305.26,2229.04,2261.97,571.69,286.90,136.65,161.50,169.96,223.74,408.56,240.80,325.42,137.72,360.02,178.34,41.84,474.16,59.30,57.39,486.66,58.81,54.01
05/12/2021,122.77,239.00,3151.94,302.55,2200.25,2239.08,589.89,282.91,137.59,157.45,168.20,220.63,405.37,239.91,317.00,135.54,356.62,177.85,41.18,472.09,60.04,56.62,484.98,58.41,53.62
05/11/2021,125.91,246.23,3223.91,306.53,2270.06,2308.76,617.20,285.63,143.06,158.54,168.88,225.48,411.70,248.60,330.66,136.99,367.61,181.67,41.57,485.19,60.59,57.50,495.08,58.54,55.04
05/10/2021,126.85,247.18,3190.49,305.97,2291.75,2341.66,629.04,292.33,142.66,161.22,170.27,225.97,420.89,243.63,341.12,137.67,366.34,184.30,42.05,479.38,62.58,57.51,486.69,59.52,55.97
05/07/2021,130.21,252.46,3291.61,319.08,2351.93,2398.69,672.37,290.93,148.12,161.24,168.50,232.12,417.65,253.36,339.25,135.15,375.40,184.84,42.18,488.73,62.43,58.11,503.84,58.72,57.67
05/06/2021,129.74,249.73,3306.37,320.02,2337.35,2381.35,663.54,289.71,145.23,160.69,167.74,231.32,414.97,252.02,337.58,135.14,375.48,181.79,42.01,483.61,61.55,56.98,499.55,59.29,57.19
05/05/2021,128.10,246.47,3270.54,315.02,2314.77,2356.74,670.94,282.76,144.59,157.52,167.07,229.21,412.50,247.40,332.05,133.46,369.14,181.51,41.39,486.69,60.97,56.41,496.08,58.69,56.85
05/04/2021,127.85,247.79,3311.87,318.36,2306.83,2354.25,673.60,280.26,143.51,155.48,167.77,232.03,411.34,250.16,332.77,134.54,375.91,184.25,41.00,490.70,59.19,56.63,503.18,58.60,56.90
05/03/2021,132.54,251.86,3386.49,322.58,2343.08,2395.17,684.90,279.18,148.37,153.36,165.21,232.61,405.90,259.09,330.27,135.00,379.40,185.51,40.56,503.46,58.82,56.57,509.11,57.92,57.26
04/30/2021,131.46,252.18,3467.42,325.08,2353.50,2410.12,709.44,274.95,150.10,153.81,162.73,233.56,398.80,262.29,323.67,133.42,382.06,186.02,40.53,508.34,57.24,56.15,513.47,57.79,57.53
04/29/2021,133.48,252.51,3471.31,329.51,2392.76,2429.89,677.00,277.60,153.25,155.19,164.20,236.86,401.55,267.85,325.34,132.51,388.95,185.33,41.11,516.09,58.94,56.40,509.00,57.32,58.28
04/28/2021,133.58,254.56,3458.50,307.10,2359.04,2379.91,694.40,272.95,152.77,152.23,161.98,233.45,394.59,271.09,319.71,131.40,395.65,183.39,40.03,515.48,58.11,54.10,506.52,56.43,57.62
04/27/2021,134.39,261.97,3417.43,303.57,2290.98,2307.12,704.74,273.65,153.82,151.25,163.18,229.91,394.50,268.82,320.59,131.18,389.07,184.64,39.88,517.32,56.41,54.30,505.55,56.32,57.97
04/26/2021,134.72,261.55,3409.00,303.04,2309.93,2326.74,738.20,270.86,154.78,150.56,164.12,230.34,395.86,271.72,319.99,131.26,387.47,184.27,39.41,515.70,55.68,54.32,510.30,56.94,58.76
04/23/2021,134.32,261.15,3340.88,301.13,2299.93,2315.30,729.40,271.98,152.65,150.19,165.52,230.00,400.31,266.03,323.89,133.94,387.06,183.02,39.18,515.84,55.57,54.39,505.55,57.30,59.24
04/22/2021,131.94,257.17,3309.04,296.52,2252.52,2267.92,719.69,269.51,148.50,147.37,165.18,227.57,396.54,262.27,321.46,134.63,383.36,182.76,38.36,507.29,55.27,54.40,508.78,57.28,62.57
04/21/2021,133.50,260.58,3362.02,301.47,2278.35,2293.29,744.12,272.21,153.61,150.54,166.59,227.45,398.81,264.89,325.95,136.85,383.10,183.11,38.72,512.34,56.00,54.66,508.90,58.14,63.70
04/20/2021,133.11,258.26,3334.69,302.65,2279.01,2293.63,718.99,267.89,151.71,149.27,166.48,223.28,396.53,264.43,323.96,137.75,376.63,182.79,38.08,514.21,55.29,54.16,549.57,58.39,62.70
04/19/2021,134.84,258.74,3372.01,302.24,2289.76,2302.40,714.63,270.28,153.62,152.65,162.69,225.79,389.84,267.91,326.85,136.61,382.16,187.43,39.17,516.17,56.48,54.14,554.44,58.39,63.63
04/16/2021,134.16,260.74,3399.44,306.18,2282.75,2297.76,739.78,272.11,159.13,153.30,162.24,226.41,391.01,269.87,328.08,137.25,386.17,187.26,39.15,525.08,56.66,55.11,546.54,58.28,64.75
04/15/2021,134.50,259.50,3379.09,307.82,2285.25,2296.66,738.85,269.14,161.37,152.17,160.39,226.28,390.01,274.00,322.74,137.24,386.49,185.93,38.74,523.25,56.98,54.14,549.22,57.70,65.02
04/14/2021,132.03,255.59,3333.00,302.82,2241.91,2254.84,732.23,267.53,152.77,151.21,159.92,221.98,375.63,267.21,320.02,135.60,378.32,187.46,39.88,510.63,57.32,53.30,540.02,57.70,64.19
04/13/2021,134.43,258.49,3400.00,309.76,2254.43,2267.27,762.32,267.10,156.80,154.09,159.48,221.02,374.50,275.43,320.40,135.11,378.13,185.49,39.32,514.86,55.71,53.88,553.73,57.62,65.22
04/12/2021,131.24,255.91,3379.39,311.54,2244.62,2254.79,701.98,267.93,152.09,155.95,161.64,221.47,376.28,269.03,320.79,136.92,379.84,186.49,40.06,506.03,55.50,53.32,552.78,57.54,65.41
04/09/2021,133.00,255.85,3372.20,312.46,2270.67,2285.88,677.02,266.01,144.00,156.28,161.25,222.52,376.30,266.77,319.23,136.37,380.08,187.89,39.99,504.04,55.87,53.57,555.31,57.49,68.26
04/08/2021,130.36,253.25,3299.30,313.02,2250.43,2265.44,683.80,263.51,143.17,155.12,162.97,220.70,364.89,264.50,314.43,137.26,377.74,187.32,39.70,499.84,56.00,54.33,554.58,57.60,67.05
04/07/2021,127.90,249.90,3279.39,313.09,2239.03,2249.68,670.97,263.62,141.44,154.93,163.61,219.27,365.64,255.60,312.47,136.74,371.08,187.56,40.05,493.41,56.59,54.60,546.99,59.00,66.25
04/06/2021,126.21,247.86,3223.82,306.26,2209.26,2224.75,691.62,263.06,138.62,152.54,163.39,218.65,364.37,253.19,313.78,136.50,369.57,189.73,39.69,491.34,56.34,54.84,544.53,59.11,65.56
04/05/2021,125.90,249.07,3226.73,308.91,2218.96,2225.55,691.05,262.66,139.88,153.62,163.43,219.04,370.18,251.02,315.40,136.45,368.32,188.50,39.80,491.62,56.50,54.80,540.67,58.87,66.54
04/01/2021,123.00,242.35,3161.00,298.66,2129.78,2137.75,661.75,258.20,138.12,153.71,162.83,216.86,367.07,247.54,307.75,134.28,363.30,188.97,39.49,483.34,57.39,54.75,539.42,58.30,64.55
03/31/2021,122.15,235.77,3094.08,294.53,2062.52,2068.63,667.93,255.47,133.48,152.23,164.35,211.73,372.07,242.84,305.25,135.43,356.05,184.52,38.69,475.37,55.83,54.11,521.66,58.15,64.00
03/30/2021,119.90,231.85,3055.29,288.00,2046.47,2055.54,635.62,258.19,128.72,154.48,165.01,211.90,373.56,236.54,304.82,135.45,358.20,185.53,38.99,465.46,56.69,54.98,513.39,58.59,63.77
03/29/2021,121.39,235.24,3075.73,290.82,2045.79,2055.95,611.29,258.82,129.48,152.68,166.04,214.51,379.06,235.67,302.20,137.57,362.91,184.85,38.31,469.32,57.40,55.19,513.95,58.83,64.50
03/26/2021,121.21,236.48,3052.03,283.02,2024.73,2035.55,618.71,256.77,128.39,155.09,164.93,213.53,376.48,241.03,303.81,135.45,366.14,185.92,38.68,469.09,57.71,55.18,508.05,58.18,64.87
03/25/2021,120.59,232.34,3046.26,278.74,2032.46,2044.36,640.39,250.75,125.35,152.55,161.97,207.97,371.09,234.24,297.18,133.48,358.36,186.91,37.66,450.99,56.18,56.30,502.86,57.38,62.02
03/24/2021,120.09,235.46,3087.07,282.14,2032.53,2045.06,630.27,249.63,126.43,150.62,161.91,208.07,370.60,234.27,292.75,132.56,359.65,184.72,36.90,451.51,56.34,55.92,520.81,57.01,62.04
03/23/2021,122.54,237.58,3137.50,290.63,2041.33,2052.96,662.16,248.31,130.71,149.46,160.35,208.15,368.50,243.77,289.98,132.60,355.27,188.73,36.90,460.20,55.22,56.14,535.09,56.91,63.48
03/22/2021,123.39,235.99,3110.87,293.54,2030.69,2038.59,670.00,250.36,131.86,150.97,160.50,208.00,366.86,244.39,288.94,130.18,358.40,192.86,37.66,452.41,55.91,56.37,523.11,56.59,65.63
03/19/2021,119.99,230.35,3074.96,290.11,2026.96,2043.20,654.87,250.99,128.46,155.14,160.04,206.90,365.58,241.28,289.10,128.01,356.51,191.14,38.53,441.50,56.49,55.46,512.18,56.24,63.76
03/18/2021,120.53,230.72,3027.99,278.62,2021.34,2036.22,653.16,252.46,127.23,157.65,160.47,220.66,362.05,238.41,283.16,128.70,367.00,192.28,38.94,439.18,56.81,55.87,504.79,56.31,63.73
03/17/2021,124.76,237.04,3135.73,284.01,2082.22,2091.08,701.81,252.00,133.41,155.09,160.77,223.02,352.18,251.47,280.03,128.42,378.68,195.24,37.95,451.01,59.37,57.50,524.44,55.75,65.78
03/16/2021,125.57,237.71,3091.86,279.28,2083.89,2092.52,676.88,251.50,132.91,153.51,161.37,224.70,354.60,249.31,282.08,128.94,382.38,194.24,37.64,450.54,59.11,58.04,524.03,55.64,64.78
03/15/2021,123.99,234.81,3081.68,273.75,2054.44,2066.49,707.94,254.61,131.91,155.37,160.42,223.27,353.88,249.98,278.54,128.56,381.76,196.76,37.75,447.59,60.39,57.53,520.25,55.64,63.79
03/12/2021,121.03,235.75,3089.49,268.40,2050.00,2061.92,693.73,260.02,128.56,156.15,159.60,224.36,356.02,250.35,273.10,128.14,382.71,197.16,37.94,444.30,61.97,57.09,518.02,55.63,62.90
03/11/2021,121.96,237.13,3113.59,273.88,2100.54,2114.77,699.60,260.91,129.94,154.32,159.14,226.15,353.10,253.83,268.85,126.91,384.38,196.75,37.24,451.06,61.31,56.89,523.06,55.51,63.31
03/10/2021,119.98,232.42,3057.64,264.90,2036.19,2055.03,668.06,263.99,124.68,155.13,159.15,223.17,349.60,242.07,266.24,127.34,381.70,195.06,37.37,437.01,61.77,57.21,504.54,57.08,62.25
03/09/2021,121.09,233.78,3062.85,265.74,2040.36,2052.70,673.58,259.02,125.20,151.83,157.70,220.36,351.98,241.76,264.96,126.18,376.52,194.51,36.32,439.18,59.93,55.57,506.44,56.20,62.67
03/08/2021,116.36,227.39,2951.95,255.31,2007.50,2024.17,563.00,257.61,115.93,152.91,157.40,220.27,350.17,226.09,259.03,127.31,371.33,201.91,37.13,421.20,60.87,55.48,493.33,56.79,59.85
03/05/2021,121.42,231.60,3000.46,264.28,2097.07,2108.54,597.95,253.15,124.62,150.91,156.10,215.41,347.10,239.05,253.52,125.98,360.88,189.99,36.93,440.83,60.93,55.09,516.39,56.00,60.74
03/04/2021,120.13,226.73,2977.57,257.64,2033.93,2049.09,621.44,245.48,123.70,150.56,153.07,211.50,333.81,239.07,250.93,122.15,349.50,188.03,36.50,439.06,58.71,53.93,511.29,54.80,58.33
03/03/2021,122.06,227.56,3005.00,255.41,2011.41,2026.71,653.20,251.55,128.05,152.91,156.22,214.85,332.87,255.06,257.36,123.16,360.25,192.26,36.42,448.45,56.52,53.73,520.70,55.38,59.90
03/02/2021,125.12,233.87,3094.53,259.00,2064.48,2075.84,686.44,249.22,134.06,150.01,159.02,215.77,334.64,269.19,260.29,123.90,362.82,193.94,35.53,466.59,56.07,54.25,547.82,54.98,61.24
03/01/2021,127.79,236.94,3146.14,264.91,2069.66,2081.51,718.43,249.21,138.42,150.50,159.32,216.63,334.65,273.63,261.62,124.29,362.90,194.98,35.79,469.57,56.40,54.45,550.64,55.36,62.88
02/26/2021,121.26,232.38,3092.93,257.62,2021.91,2036.86,675.50,240.51,137.15,147.17,158.46,212.39,332.22,259.85,258.34,123.53,353.85,189.04,34.71,459.67,54.37,52.72,538.85,55.30,60.78
02/25/2021,120.99,228.99,3057.16,254.69,2015.95,2031.36,682.22,243.69,133.08,151.18,162.76,213.75,328.87,253.94,255.25,126.58,354.57,190.98,35.93,459.16,55.76,52.24,546.70,56.50,60.40
02/24/2021,125.35,234.55,3159.53,264.31,2083.81,2095.17,742.02,248.45,144.99,153.26,162.59,219.43,332.21,266.07,259.97,127.66,367.32,197.51,36.38,476.62,56.70,53.40,553.41,57.12,63.19
02/23/2021,125.86,233.27,3194.50,265.86,2060.12,2070.86,698.84,245.53,141.42,150.61,160.44,212.11,329.51,265.00,267.24,127.52,350.42,197.09,35.52,467.80,55.05,53.34,546.15,57.03,61.12
02/22/2021,126.00,234.51,3180.74,260.33,2054.26,2064.88,714.50,244.97,143.56,149.41,161.87,208.32,327.64,273.85,275.85,126.58,340.66,191.76,35.15,467.33,54.30,52.50,533.78,56.45,60.71
02/19/2021,129.87,240.97,3249.90,261.56,2088.81,2101.14,781.30,241.85,149.27,148.02,162.98,204.73,324.58,286.92,279.64,127.12,333.17,183.65,34.54,479.12,52.37,52.10,540.22,56.45,63.01
02/18/2021,129.71,243.79,3328.23,269.39,2105.81,2117.20,787.38,243.50,148.29,145.59,165.74,209.35,328.41,290.81,283.05,129.53,338.46,183.00,34.19,488.37,52.02,52.56,548.22,56.98,61.61
02/17/2021,130.84,244.20,3308.64,273.57,2118.62,2128.31,798.15,245.25,149.06,145.10,165.66,207.51,326.86,297.20,280.92,128.46,337.33,186.44,34.41,491.23,52.85,52.99,551.34,56.99,61.85
02/16/2021,133.19,243.70,3268.95,273.97,2110.70,2121.90,796.22,245.28,153.30,144.65,165.07,207.90,324.62,304.79,275.39,127.92,341.21,186.35,34.27,501.64,52.04,52.84,557.28,54.15,62.47
02/12/2021,135.37,244.99,3277.71,270.50,2095.03,2104.11,816.12,242.46,149.61,141.25,166.58,209.96,328.24,298.37,277.51,127.62,341.00,187.67,33.37,498.84,50.52,53.23,556.52,54.20,61.81
02/11/2021,135.13,244.49,3262.13,270.39,2088.75,2095.89,811.66,239.76,152.51,139.27,166.06,210.66,333.07,285.03,277.06,128.33,342.87,190.91,32.88,496.62,49.84,53.23,557.59,54.60,60.66
02/10/2021,135.39,242.82,3286.58,271.87,2086.48,2095.38,804.82,239.92,147.64,139.66,166.81,206.44,333.40,283.18,278.69,128.22,334.21,189.63,32.98,492.67,51.12,52.75,563.59,54.96,58.86
02/09/2021,136.01,243.77,3305.00,269.45,2075.39,2083.51,849.46,239.91,142.63,139.58,166.27,206.52,329.63,284.20,276.77,128.67,333.44,188.21,32.95,496.05,50.63,52.72,559.07,55.00,58.78
02/08/2021,136.91,242.47,3322.94,266.58,2084.52,2092.91,863.42,237.42,144.39,140.14,164.92,206.89,324.34,282.17,280.03,129.17,337.03,190.00,33.09,493.76,52.10,51.85,547.92,55.05,59.16
02/05/2021,136.76,242.20,3352.15,268.10,2088.83,2098.00,852.23,235.16,135.91,137.98,164.45,208.77,324.51,269.44,278.86,129.57,338.75,181.16,32.37,492.12,49.95,51.11,550.79,55.32,58.18
02/04/2021,137.39,242.01,3331.00,266.49,2053.63,2062.37,849.99,235.77,136.64,138.25,161.99,209.25,329.32,270.43,278.82,129.03,340.83,180.23,32.50,489.38,48.33,51.45,552.16,55.14,58.79
02/03/2021,133.94,243.00,3312.53,266.65,2058.88,2070.07,854.69,232.68,135.31,135.14,160.50,201.36,337.89,251.90,274.17,128.95,332.82,176.43,31.58,481.92,47.42,50.47,539.45,54.79,57.68
02/02/2021,134.99,239.51,3380.00,267.08,1919.12,1927.51,872.79,232.24,135.57,133.61,161.25,202.61,338.72,249.10,272.16,128.79,334.37,176.96,31.03,484.93,45.63,51.18,548.16,54.50,58.00
02/01/2021,134.14,239.65,3342.88,262.01,1893.07,1901.35,839.81,229.32,132.37,129.62,162.71,198.36,334.00,241.85,270.07,128.97,321.56,170.97,29.96,470.00,44.92,50.15,539.04,54.28,56.69
01/29/2021,131.96,231.96,3206.20,258.33,1827.36,1835.74,793.53,227.87,129.90,128.67,163.13,193.25,333.58,234.31,270.82,128.21,316.29,168.17,29.65,458.77,44.84,49.57,532.39,54.75,55.51
01/28/2021,137.09,238.93,3237.62,265.00,1853.20,1863.11,835.43,230.95,130.51,130.11,169.16,198.22,338.15,237.79,278.05,130.36,324.28,171.88,30.32,465.67,46.06,51.60,538.60,55.37,56.07
01/27/2021,142.06,232.90,3232.58,272.14,1818.94,1830.79,864.16,227.36,129.18,127.86,167.88,194.97,332.99,229.94,274.05,128.38,315.49,163.03,29.83,460.00,45.35,48.42,523.28,55.13,53.59
01/26/2021,143.16,232.33,3326.13,282.05,1907.95,1917.24,883.09,231.57,134.35,131.58,170.48,202.01,343.11,241.00,282.60,133.09,327.70,169.56,30.94,476.28,45.87,50.09,561.93,56.57,55.21
01/25/2021,142.92,229.53,3294.00,278.01,1894.28,1899.40,880.80,233.01,136.53,132.12,165.98,200.98,347.81,247.75,285.08,132.24,329.19,171.89,31.16,473.44,46.90,48.97,556.78,58.42,55.44
01/22/2021,139.07,225.95,3292.23,274.50,1892.56,1901.05,846.64,232.92,137.13,133.79,163.55,202.02,347.55,252.00,284.00,130.00,328.99,172.78,31.55,472.44,47.43,48.68,565.17,57.47,56.66
01/21/2021,136.87,224.97,3306.99,272.87,1884.15,1891.25,844.99,234.16,138.68,134.83,161.73,205.14,355.00,248.64,279.05,131.01,334.44,171.28,31.77,472.02,48.11,49.13,579.84,57.27,62.46
01/20/2021,132.03,224.34,3263.38,267.48,1880.07,1886.90,850.45,234.76,133.66,135.97,162.38,206.01,350.84,244.26,274.30,131.93,334.91,173.64,32.34,469.73,49.53,48.88,586.34,57.26,58.67
01/19/2021,127.83,216.44,3120.76,261.10,1784.47,1790.86,844.55,234.55,130.25,138.04,162.78,201.66,352.19,247.25,273.19,133.60,325.94,172.26,32.77,456.50,48.84,48.85,501.77,57.05,57.99
01/15/2021,127.14,212.65,3104.25,251.36,1727.62,1736.19,826.16,233.49,128.60,138.64,160.30,201.59,351.30,239.79,275.59,134.78,323.26,171.44,33.01,458.08,47.89,48.69,497.98,57.38,57.58
01/14/2021,128.91,213.02,3127.47,245.64,1730.92,1740.18,845.00,235.02,132.00,141.17,160.65,201.86,350.53,242.06,268.34,135.80,326.93,173.43,33.99,463.27,50.31,49.58,500.86,57.04,59.25
01/13/2021,130.89,216.34,3165.89,251.64,1747.25,1754.40,854.41,234.51,135.32,140.35,157.89,209.35,355.04,244.90,274.05,137.26,346.33,176.12,33.46,472.05,48.42,50.16,507.79,57.06,56.95
01/12/2021,128.80,214.93,3120.83,251.09,1737.43,1746.55,849.44,233.03,134.85,140.22,158.13,208.86,357.37,237.64,276.33,137.05,342.92,175.99,33.66,471.65,47.88,50.01,494.25,57.26,53.24
01/11/2021,128.98,217.49,3114.21,256.84,1756.29,1766.72,811.19,233.43,136.22,138.05,159.37,212.89,360.75,237.50,271.23,137.85,348.20,179.09,33.07,474.24,46.84,51.52,499.10,57.46,51.54
01/08/2021,132.05,219.62,3182.70,267.57,1797.83,1807.21,880.02,234.03,132.77,136.02,160.04,215.45,363.39,242.46,269.09,138.79,353.85,178.69,32.53,485.10,45.46,51.54,510.40,57.80,51.65
01/07/2021,130.92,218.29,3162.16,268.74,1774.34,1787.25,816.04,232.88,133.44,135.87,160.37,213.81,365.03,235.04,266.26,138.85,349.86,178.58,32.86,477.74,44.96,50.66,508.89,58.53,52.19
01/06/2021,126.60,212.25,3138.38,263.31,1722.88,1735.29,755.98,230.27,126.15,131.55,159.83,212.62,359.27,226.83,267.57,140.16,347.55,179.12,32.15,466.31,44.61,50.56,500.49,59.29,51.10
01/05/2021,131.01,217.90,3218.51,270.97,1740.05,1740.92,735.11,227.47,134.05,125.65,158.34,214.51,344.80,234.91,266.05,138.70,347.42,178.44,30.26,485.69,43.50,49.98,520.80,58.58,50.61
01/04/2021,129.41,217.69,3186.63,268.94,1726.13,1728.24,729.77,228.45,131.14,125.87,156.50,217.76,349.50,231.92,263.92,137.82,351.49,177.68,30.03,485.34,41.50,50.51,522.86,58.85,49.67
12/31/2020,132.69,222.42,3256.93,273.16,1752.64,1751.88,705.67,231.87,130.55,127.07,157.38,218.73,350.68,234.20,265.62,139.14,356.94,181.18,30.31,500.12,41.22,52.40,540.73,58.75,49.82
12/30/2020,133.72,221.68,3285.85,271.87,1736.25,1739.52,694.78,229.65,131.46,125.36,156.05,218.36,344.99,231.51,265.26,137.77,355.55,181.17,29.98,497.45,41.60,51.21,524.59,58.14,48.75
12/29/2020,134.87,224.15,3322.00,276.78,1757.76,1758.72,665.99,229.57,129.43,125.01,154.14,214.37,347.35,231.03,266.19,138.42,346.66,177.30,30.01,502.11,41.27,51.55,530.87,58.81,49.39
12/28/2020,136.69,224.96,3283.96,277.00,1773.96,1776.09,663.69,228.41,129.00,125.34,153.19,212.63,345.95,235.73,269.25,138.68,344.47,178.86,30.13,498.95,41.74,51.11,519.12,58.98,47.07
12/24/2020,131.97,222.75,3172.69,267.40,1734.16,1738.85,661.77,226.53,129.94,124.52,152.47,208.70,340.79,238.64,270.92,137.72,336.00,173.73,29.96,499.86,41.60,50.38,513.97,58.84,47.07
12/23/2020,130.96,221.02,3185.27,268.11,1728.23,1732.38,645.98,224.24,130.09,125.07,151.94,205.30,337.59,239.44,269.81,136.34,329.23,173.55,30.05,496.91,41.77,50.04,514.48,58.96,46.57
12/22/2020,131.88,223.94,3206.52,267.09,1720.22,1723.50,640.34,221.88,132.78,121.67,152.72,205.84,335.01,243.49,270.04,136.55,332.24,170.45,29.21,504.17,41.24,50.02,527.33,58.99,46.17
12/21/2020,128.23,222.59,3206.18,272.79,1734.56,1739.37,649.86,223.49,133.32,123.55,153.02,209.01,336.08,237.72,270.99,137.52,334.37,170.69,29.74,498.39,41.95,50.37,528.91,59.49,46.36
12/18/2020,126.66,218.59,3201.65,276.40,1726.22,1731.01,695.00,223.43,132.72,119.08,154.51,211.31,338.38,236.45,270.45,139.04,340.33,172.89,28.67,502.95,42.73,50.90,534.45,60.46,47.46
12/17/2020,128.70,219.42,3236.08,274.48,1740.51,1747.90,655.90,224.68,133.41,119.67,153.62,211.18,341.67,235.51,273.97,138.25,336.90,173.55,28.83,495.36,43.48,51.36,532.90,60.01,50.65
12/16/2020,127.81,219.28,3240.96,275.67,1757.19,1763.00,622.77,221.91,132.43,120.67,149.67,208.27,339.34,230.20,269.59,137.27,332.10,173.12,28.72,489.90,43.70,51.43,524.83,59.91,51.12
12/15/2020,127.88,214.13,3165.12,275.55,1761.08,1767.77,633.25,224.38,133.61,120.32,150.57,208.36,339.67,221.60,267.98,136.65,333.65,173.94,28.64,482.64,43.04,51.51,519.78,60.55,50.67
12/14/2020,121.78,214.20,3156.97,274.19,1752.26,1760.06,639.83,222.85,133.09,118.30,149.07,207.25,336.13,220.79,265.58,135.85,331.15,169.30,28.22,486.42,42.22,50.99,522.42,59.98,50.47
12/11/2020,122.41,213.26,3116.42,273.55,1774.80,1781.77,609.99,226.39,130.13,119.56,152.95,206.24,337.07,214.06,264.55,136.51,327.42,175.72,28.57,475.91,43.80,50.93,503.22,60.35,49.73
12/10/2020,123.24,210.52,3101.49,277.12,1767.65,1775.33,627.07,227.35,129.72,120.27,152.25,207.61,339.65,215.34,264.81,135.51,331.52,154.69,29.11,476.87,44.01,50.48,501.09,60.51,50.26
12/09/2020,121.78,211.80,3104.20,277.92,1777.86,1784.13,604.48,227.51,129.31,121.05,153.10,209.58,344.41,210.80,265.58,136.41,336.85,154.43,28.80,483.74,42.80,51.26,493.60,61.46,50.07
12/08/2020,124.38,216.01,3177.29,283.40,1811.33,1818.55,649.88,228.19,133.50,122.00,151.55,212.77,347.86,216.94,261.72,138.05,340.79,153.72,28.93,495.28,42.24,51.41,512.66,61.45,50.69
12/07/2020,123.75,214.29,3158.00,285.58,1817.03,1819.48,641.76,229.24,136.07,121.88,148.97,212.65,347.86,217.93,262.64,137.68,340.96,153.68,29.09,492.25,40.90,51.93,515.78,61.35,50.20
12/04/2020,122.25,214.36,3162.58,279.70,1823.76,1827.99,599.04,231.35,135.58,122.34,150.27,212.68,349.89,217.77,263.99,137.47,344.35,154.14,29.29,486.00,41.68,51.69,498.31,61.55,51.99
12/03/2020,122.94,214.24,3186.73,281.85,1821.84,1826.77,593.38,231.02,133.96,121.24,149.00,208.05,348.68,214.54,268.14,137.34,335.14,153.24,28.91,484.28,40.21,51.59,497.52,61.74,50.99
12/02/2020,123.08,215.37,3203.53,287.52,1824.97,1827.95,568.82,230.42,135.45,122.04,148.14,210.18,347.56,212.56,271.10,138.36,340.22,153.61,29.06,481.26,39.94,51.05,503.38,61.36,49.90
12/01/2020,122.72,216.21,3220.08,286.55,1795.36,1798.10,584.76,229.68,133.90,119.74,147.45,211.20,341.19,216.54,276.60,139.37,338.88,149.44,28.69,479.15,38.50,51.02,504.58,60.58,49.56
11/30/2020,119.05,214.07,3168.04,276.97,1754.40,1760.74,567.60,228.91,134.02,117.88,144.68,210.35,336.34,214.12,277.41,138.87,336.51,148.01,28.16,478.47,38.13,50.24,490.70,60.41,48.35
11/27/2020,116.59,215.23,3195.34,277.81,1787.02,1793.19,585.76,231.55,132.61,121.22,144.00,211.00,337.94,211.39,275.99,138.61,339.07,147.13,28.99,477.03,40.19,51.75,491.36,60.58,47.45
11/25/2020,116.03,213.87,3185.07,275.59,1764.13,1771.43,574.00,233.13,132.35,122.03,143.68,210.89,333.19,214.46,273.96,138.68,341.32,149.09,29.03,470.08,40.81,51.80,485.00,60.41,47.05
11/24/2020,115.17,213.86,3118.06,276.92,1763.90,1768.88,555.38,233.92,129.58,123.32,143.87,209.68,336.01,206.00,273.31,138.31,342.39,151.49,28.98,462.70,41.98,52.34,482.88,60.64,47.01
11/23/2020,113.85,210.11,3098.39,268.43,1727.56,1734.86,521.85,229.54,131.40,117.87,143.87,208.16,335.06,200.82,271.40,138.76,332.04,145.98,27.39,460.61,39.36,49.81,476.62,60.23,46.06
11/20/2020,117.34,210.39,3099.40,269.70,1736.38,1742.19,489.61,227.01,130.88,114.57,146.36,203.88,334.70,192.67,269.81,139.30,323.00,141.07,26.81,462.92,36.94,49.17,488.24,60.04,45.39
11/19/2020,118.64,212.42,3117.02,272.94,1758.57,1763.92,499.27,229.53,134.40,115.56,147.14,207.57,337.00,190.90,270.93,139.53,333.88,141.72,26.98,466.41,37.40,49.48,484.67,60.21,45.62
11/18/2020,118.03,211.08,3105.46,271.97,1740.64,1746.78,486.64,230.07,134.29,115.25,147.37,207.83,344.51,190.12,269.83,139.70,335.94,143.90,26.98,459.47,37.21,49.14,481.79,60.32,45.06
11/17/2020,119.39,214.46,3135.66,275.00,1761.66,1770.15,441.61,233.16,134.22,116.11,149.35,210.71,352.10,192.30,272.47,141.88,336.50,144.50,27.55,467.95,38.67,49.78,480.63,60.75,45.53
11/16/2020,120.30,217.23,3131.06,278.96,1774.03,1781.38,408.09,233.10,135.15,117.30,150.85,212.70,356.82,191.94,279.57,142.43,335.45,144.67,27.58,460.95,38.16,49.54,479.10,60.89,46.19
11/13/2020,119.26,216.51,3128.81,276.95,1772.26,1777.02,408.50,227.42,132.97,114.08,149.90,210.48,355.67,188.62,277.17,144.28,335.03,138.36,27.00,469.34,36.08,49.00,482.84,61.06,45.46
11/12/2020,119.21,215.44,3110.28,275.08,1742.82,1749.84,411.76,224.72,134.57,113.37,148.30,208.26,354.41,189.10,276.24,142.15,328.29,135.52,26.69,462.58,35.23,47.98,486.77,60.79,44.95
11/11/2020,119.49,216.55,3137.39,276.48,1747.23,1752.71,417.13,227.37,134.18,114.78,147.80,212.70,351.70,192.34,277.75,142.07,332.39,137.82,27.34,467.75,36.48,47.67,490.76,61.00,46.35
11/10/2020,115.97,211.01,3035.02,272.43,1737.72,1740.39,410.36,228.48,127.70,116.52,148.28,213.31,353.69,183.36,275.57,140.26,334.78,142.11,27.66,452.00,36.86,47.77,480.24,61.10,45.44
11/09/2020,116.32,218.39,3143.74,278.77,1761.42,1763.00,421.26,221.50,136.31,116.90,146.08,212.68,350.00,184.72,269.97,137.99,344.56,142.59,27.76,471.14,36.93,47.18,470.50,59.84,45.60
11/06/2020,118.69,223.72,3311.37,293.41,1759.73,1761.75,429.95,208.85,145.62,102.96,142.25,198.47,347.46,202.73,284.24,143.23,313.64,127.46,24.31,494.63,32.78,44.53,514.73,58.53,45.39
11/05/2020,119.03,223.29,3322.00,294.68,1762.50,1763.37,438.09,207.45,141.60,104.35,139.76,197.64,354.40,204.56,285.85,142.38,316.53,126.96,24.61,496.47,33.17,44.35,513.76,58.15,45.68
11/04/2020,114.95,216.39,3241.16,287.38,1745.85,1749.13,420.98,206.17,137.94,100.25,139.40,193.97,354.56,194.29,282.72,140.64,307.20,125.07,23.68,487.23,33.23,43.70,496.95,57.22,45.70
11/03/2020,110.44,206.43,3048.41,265.30,1645.66,1650.21,423.90,206.63,130.20,103.41,138.50,188.34,321.35,179.81,277.37,141.22,295.39,124.02,24.69,454.02,33.41,42.62,487.22,57.75,44.85
11/02/2020,108.77,202.33,3004.48,261.36,1624.32,1626.03,400.51,204.31,125.81,100.25,138.69,184.74,312.10,187.76,270.74,138.50,289.97,120.13,24.08,444.94,33.99,41.40,484.12,57.70,44.46
10/30/2020,108.86,202.47,3036.15,263.11,1616.11,1621.01,388.04,201.90,125.34,98.04,137.11,181.71,305.14,186.13,266.71,137.10,288.64,121.25,23.70,447.10,32.62,42.24,475.74,56.99,44.28
10/29/2020,115.32,204.72,3211.01,280.83,1556.88,1567.24,410.83,201.51,130.24,97.17,137.19,184.87,303.68,195.04,269.63,137.57,293.18,121.54,23.54,461.11,32.97,43.06,504.21,56.76,44.11
10/28/2020,111.20,202.68,3162.78,267.67,1510.80,1516.62,406.02,200.70,126.27,96.54,138.36,180.87,308.00,192.31,269.72,137.66,291.38,118.47,23.47,456.97,31.57,41.98,486.24,56.31,44.25
10/27/2020,116.60,213.25,3286.33,283.29,1598.88,1604.26,424.68,206.88,133.97,99.33,143.15,190.06,320.51,200.43,276.84,142.36,317.11,123.31,23.85,478.56,32.82,43.44,488.93,57.38,45.64
10/26/2020,115.05,210.08,3207.04,277.11,1584.29,1590.45,420.28,208.49,131.41,101.24,143.97,193.07,323.06,197.22,276.04,141.30,318.06,124.06,24.54,475.20,33.35,43.77,488.24,57.81,46.72
10/23/2020,115.04,216.23,3204.40,284.79,1632.98,1641.00,420.63,212.71,135.90,103.81,145.24,198.01,330.60,203.04,283.00,142.38,329.61,128.35,24.90,488.50,34.16,45.06,488.28,57.96,48.20
10/22/2020,115.75,214.89,3176.40,278.12,1606.66,1615.33,425.79,211.61,133.61,102.88,145.08,197.99,325.73,203.93,281.16,141.45,333.60,127.56,24.87,483.60,34.86,45.11,485.23,57.33,53.90
10/21/2020,116.87,214.80,3184.94,278.73,1585.99,1593.31,422.64,210.18,135.25,99.37,143.93,198.43,322.79,213.07,284.51,143.25,333.42,126.63,24.05,495.96,33.16,44.52,489.05,56.75,53.50
10/20/2020,117.51,214.65,3217.01,267.56,1551.08,1555.93,421.94,210.06,136.46,100.37,144.55,197.70,323.41,201.96,286.04,142.48,331.72,124.95,24.14,494.58,33.70,44.27,525.42,57.25,53.43
10/19/2020,115.98,214.22,3207.21,261.40,1529.95,1534.61,430.83,208.99,134.98,99.80,144.32,196.97,324.22,200.06,283.73,141.91,331.67,124.23,23.72,495.20,33.42,44.33,530.72,57.30,54.58
10/16/2020,119.02,219.66,3272.71,265.93,1567.70,1573.01,439.67,211.91,138.12,101.51,148.10,200.26,329.90,204.45,287.66,144.39,339.40,126.81,24.24,502.82,34.10,45.56,530.79,58.05,54.16
10/15/2020,120.71,219.66,3338.65,266.72,1555.47,1559.13,448.88,211.65,139.70,101.72,147.19,199.55,324.57,203.14,287.54,143.83,338.57,127.36,24.15,501.15,34.45,45.11,541.94,58.16,53.85
10/14/2020,121.19,220.86,3363.71,271.82,1563.44,1568.08,461.30,210.91,140.95,100.22,148.10,202.20,321.85,203.60,287.09,144.04,342.70,126.59,23.62,506.31,34.15,45.28,541.45,58.43,53.55
10/13/2020,121.10,222.86,3443.63,276.14,1567.07,1571.68,446.65,212.31,142.48,100.78,148.36,204.32,331.42,207.74,290.36,144.21,345.84,128.96,24.95,514.31,34.22,45.89,554.09,59.36,53.83
10/12/2020,124.40,221.40,3442.93,275.75,1564.59,1569.15,442.30,216.41,142.26,102.44,151.84,206.40,329.97,201.51,286.91,144.49,352.04,124.97,25.68,510.89,34.63,45.99,539.81,59.55,53.88
10/09/2020,116.97,215.81,3286.65,264.45,1510.45,1515.22,434.00,215.68,137.63,101.20,150.97,206.64,327.84,197.27,285.92,142.92,352.39,124.98,25.36,502.16,34.74,44.85,539.44,59.33,52.82
10/08/2020,114.97,210.58,3190.55,263.76,1483.43,1485.93,425.92,215.15,138.39,101.78,148.89,202.98,322.41,193.06,284.52,141.65,345.15,123.09,25.24,490.84,35.26,45.30,531.79,59.19,53.37
10/07/2020,115.08,209.83,3195.69,258.12,1459.14,1460.29,425.30,213.29,139.64,99.73,147.88,202.47,323.17,194.61,282.79,140.70,343.90,122.91,24.88,493.15,33.50,44.96,534.66,59.61,52.67
10/06/2020,113.16,205.91,3099.96,258.66,1451.02,1453.44,413.98,210.26,137.37,98.02,146.26,200.45,314.45,191.66,276.47,139.61,337.43,120.93,24.37,478.98,33.39,44.51,505.87,59.46,51.37
10/05/2020,116.50,210.38,3199.20,264.65,1482.83,1486.02,425.68,212.36,136.43,99.04,148.23,203.54,318.15,196.85,282.10,139.39,343.25,123.37,24.62,486.47,33.74,45.81,520.65,59.66,51.69
10/02/2020,113.02,206.19,3125.00,259.94,1455.60,1458.42,415.09,211.18,130.62,97.89,146.24,201.46,311.98,191.91,279.31,138.12,338.83,122.55,24.21,478.99,32.98,45.15,503.06,59.24,51.01
10/01/2020,116.79,212.46,3221.26,266.63,1487.90,1490.09,448.16,212.02,136.15,96.97,147.32,203.35,313.07,196.94,277.62,139.24,343.37,123.31,24.10,499.51,33.13,46.44,527.51,59.45,52.24
09/30/2020,115.81,210.33,3148.73,261.90,1465.60,1469.60,429.01,212.94,135.31,96.27,148.88,199.97,311.77,197.03,277.71,138.99,338.17,124.08,24.09,490.43,34.33,46.26,500.03,59.49,51.78
09/29/2020,114.09,207.26,3144.88,261.79,1466.02,1469.33,419.07,210.44,132.26,95.35,147.06,199.44,304.15,194.50,272.11,137.26,336.23,125.40,23.77,489.33,34.28,46.20,493.48,59.24,51.19
09/28/2020,114.96,209.44,3174.05,256.82,1458.66,1464.52,421.20,213.54,130.35,96.16,147.11,200.32,303.23,192.02,272.33,138.01,338.39,125.99,24.09,488.51,35.31,46.76,490.65,59.36,51.43
09/25/2020,112.28,207.82,3095.13,254.82,1439.06,1444.96,407.34,210.45,128.74,93.47,145.66,197.25,302.50,187.25,268.55,137.62,331.78,124.00,23.49,479.78,34.64,46.15,482.88,59.39,49.94
09/24/2020,108.22,203.19,3019.79,249.53,1422.86,1428.29,387.79,208.72,123.48,92.66,144.67,195.52,292.66,182.19,265.70,136.92,328.21,122.49,23.34,467.67,34.32,45.70,473.08,59.19,49.16
09/23/2020,107.12,200.59,2999.86,249.02,1409.39,1415.21,380.36,209.61,121.24,92.74,144.44,195.37,292.14,181.61,266.55,136.31,324.53,123.28,23.26,470.39,34.39,45.36,470.61,58.91,48.82
09/22/2020,111.81,207.42,3128.99,254.75,1459.82,1465.46,424.23,214.16,126.38,94.27,144.21,200.56,294.26,187.78,273.31,137.96,335.31,127.21,23.94,486.78,35.53,46.19,491.17,59.82,49.95
09/21/2020,110.08,202.54,2960.47,248.15,1430.14,1431.16,449.39,213.02,125.17,95.31,145.10,197.45,299.19,183.21,272.35,136.71,327.85,125.41,24.47,475.64,36.43,44.68,487.35,59.61,49.72
09/18/2020,106.84,200.39,2954.91,252.53,1451.09,1459.99,442.15,218.21,121.89,98.35,149.18,202.61,308.02,176.07,275.19,137.37,335.26,128.63,25.21,467.55,37.19,45.26,469.96,60.35,49.89
09/17/2020,110.34,202.91,3008.73,254.82,1487.04,1495.53,423.43,218.05,124.64,98.56,147.17,205.27,304.98,175.79,279.96,137.52,339.43,130.22,25.35,474.30,37.80,45.58,470.20,60.59,50.32
09/16/2020,112.13,205.05,3078.10,263.52,1512.09,1520.90,441.76,219.59,125.15,99.70,148.40,205.13,306.52,180.91,281.63,137.70,341.85,132.09,25.60,476.00,37.81,46.81,483.86,60.37,50.37
09/15/2020,115.54,208.78,3156.13,272.42,1535.12,1541.44,449.76,218.94,129.91,99.28,148.89,205.39,307.23,186.02,285.58,138.63,339.14,131.24,25.28,497.67,36.27,46.46,495.99,60.60,50.00
09/14/2020,115.36,205.41,3102.97,266.15,1508.83,1519.28,419.62,219.94,128.72,102.47,148.35,204.98,308.57,186.96,280.65,138.63,338.60,131.25,25.75,485.91,36.66,45.27,476.26,60.32,49.41
09/11/2020,112.00,204.03,3116.22,266.61,1515.76,1520.72,372.72,217.93,121.65,101.07,147.78,200.68,301.48,184.00,276.33,138.14,330.15,131.75,25.50,471.35,36.90,44.67,482.03,59.79,49.28
09/10/2020,113.49,205.37,3175.11,268.09,1526.05,1532.02,371.34,217.80,123.12,99.83,146.91,201.54,304.60,190.09,272.70,136.70,332.88,133.22,25.14,476.26,37.00,44.02,480.67,59.53,48.96
09/09/2020,117.32,211.29,3268.61,273.72,1547.23,1556.96,366.28,219.63,127.15,100.87,149.70,204.06,312.02,194.60,277.04,138.15,339.64,133.36,25.51,479.46,37.95,44.60,500.19,60.04,49.62
09/08/2020,112.82,202.66,3149.84,271.16,1523.60,1532.39,330.21,217.80,119.13,99.92,147.26,200.12,307.25,185.95,269.26,135.94,329.88,134.20,25.48,462.13,38.18,43.81,507.02,59.96,48.91
09/04/2020,120.96,214.25,3294.62,282.73,1581.21,1591.04,418.32,218.32,126.23,103.52,148.59,204.66,312.00,191.84,269.66,137.96,335.01,131.99,26.54,491.94,39.08,44.43,516.05,60.48,50.08
09/03/2020,120.88,217.30,3368.00,291.12,1629.51,1641.84,407.00,218.15,130.16,101.33,149.55,208.96,316.23,204.99,274.63,138.26,343.84,133.24,25.66,507.80,39.11,44.44,525.75,60.61,50.39
09/02/2020,131.40,231.65,3531.45,302.50,1717.39,1728.28,447.37,221.68,143.47,101.65,153.83,216.48,320.24,210.82,287.20,140.51,360.70,135.39,26.02,533.80,39.19,45.17,552.84,60.53,52.25
09/01/2020,134.18,227.27,3499.12,295.44,1655.08,1660.71,475.05,218.55,138.21,100.14,151.52,213.35,312.83,208.93,285.94,138.18,356.90,133.55,25.71,527.95,39.43,45.05,556.55,59.16,50.79
08/31/2020,129.04,225.53,3450.96,293.20,1629.53,1634.18,498.32,218.04,133.75,100.19,153.41,211.99,312.55,204.14,285.04,138.33,358.19,131.87,25.74,513.39,39.94,44.81,529.56,59.27,50.95
08/28/2020,124.81,228.91,3401.80,293.66,1639.43,1644.41,442.68,218.55,131.48,102.77,153.64,215.71,314.37,204.48,286.29,138.77,366.12,135.54,26.30,516.44,40.69,44.56,523.89,59.26,50.43
08/27/2020,125.01,226.58,3400.00,293.22,1628.52,1634.33,447.75,216.87,126.28,102.35,152.98,211.03,311.67,204.34,288.63,138.21,356.00,133.73,26.05,510.32,39.74,44.54,526.27,59.43,49.40
